	True	False
Q99459-O15297	0.81534153	0.18465842
Q13888-P51946	0.9886956	0.011304381
P15880-O95793	0.8039536	0.19604643
P15918-O14772	0.016271638	0.9837284
Q9ULG1-Q9ULC6	0.9145058	0.08549421
